record_id,alloy_composition,mill_type_class,RPM,Time,BPR,Grain_size,Density,Density_value,Hardness,strength_type,strength_MPa,key_findings
U01,Ti-(25-75)Al series; Ti50Al50 highlighted,Planetary,"Intensity setting 5-7 (non-rpm energy scale, not comparable to rpm)",10-205 h (broad multi-condition sweep),10:1,9-35 nm across series; 17 nm reported specifically for Ti50Al50,NaN,NaN,NaN,NaN,NaN,Foundational paper: extended solid solubility up to 60 at.% Al in hcp-Ti achievable by milling. Classic reference point for the Ti-Al metastable-phase field.
U02,"Ti-48Al / Ti-46.5Al-4(Cr,Nb,Ta,B)",Multiple (SPEX / Planetary / Attritor),"N/A - varies by mill type, not reducible to one rpm",1-25 h (multi-condition study),2.5:1 - 16:1,5-10 nm,NaN,NaN,NaN,NaN,NaN,"Powder yield 65-80% with the right PCA; without PCA, sticking/cold-welding can push yield toward zero. Disordered hcp phase precedes nanocrystalline TiAl formation."
U03,"Ti-48 at.% Al (reported as Ti-36 wt.% Al in Lit source; same alloy, different unit basis)",Attritor (High-Energy),400 rpm,0.5-8 h (Optimal: 1 h),20:1,5-10 um duplex (post reactive-sintering; confirmed independently in both source rows),98.8% relative density,98.8,450 HV,Compressive Yield (RT),1120,1 h milling was the identified optimum (longer added little). Yield strength retains ~80% of its RT value at 800 C. Grain size and process route cross-confirmed across both sources.
U04,Ti-48Al + Nb/Al/Cr additions (incl. TiAl-4Nb-2.5Al-1Cr variant),Planetary (High-Energy),NaN,"10 h (nanocrystalline); 30-50 h (amorphous, Nb-Al-Cr variant)",NaN,"Nanocrystalline (categorical, no numeric value in abstract)",NaN,NaN,NaN,NaN,NaN,"Alloying shifts amorphization kinetics: base Ti-48Al is nanocrystalline by 10h, but the Nb/Al/Cr-modified variant needs 30-50h to fully amorphize under the same mill."
U05,Ti-50Al,Attritor,600 rpm,5 h,10:1,NaN,NaN,NaN,NaN,NaN,NaN,"Particle size cut ~60% after 5h; submicron powder achieved. Without PCA, severe cold-welding/sticking occurred. Shares a DOI with U06 (P05) - same paper, different alloy tested."
U06,Ti-48Al-2Cr-2Nb,Attritor,600 rpm,8 h,10:1,NaN,NaN,NaN,NaN,NaN,NaN,Fully lamellar microstructure after consolidation. Same publication as U05 (P04); this row is the industry-standard Ti-48-2-2 composition variant.
U07,Ti-45Al-5Nb,High-Energy (Type Unspecified),550 rpm,40 h,10:1,"Nanometer-scale powder (categorical, no numeric value)",NaN,NaN,NaN,NaN,NaN,Starting powders >50 um milled to nanometer scale after 40h - a >1000x linear size-reduction ratio. Final consolidated part is duplex gamma+alpha2.
U08,Ti-46Al-2Cr-2Nb + 0-40 vol% Ti2AlC,Planetary,300 rpm,4 h,5:1,"~5 um network cells (Ti2AlC reinforcement network spacing, not bulk matrix grain size)",>99% relative density (lower-bound of stated range used),99,4.8-7.2 GPa (across the 0-40 vol% Ti2AlC composite series),Compressive,2058,Ti2AlC reinforcement raises hardness up to 7.2 GPa and cuts wear ~7x - a hardness/wear gain traded against added composite-processing complexity.
U09,Ti-48Al-2Cr-8Nb,Planetary,250 rpm,12 h,5:1,NaN,NaN,NaN,NaN,NaN,NaN,Milled powder benchmarked directly against gas-atomized spherical powder as SPS feedstock - a cheaper/more available route compared head-to-head with premium gas-atomized stock.
U10,Ti-50Al,Planetary,NaN,2 h,NaN,"17.8 nm (crystallite size, XRD)",NaN,NaN,NaN,NaN,NaN,"As-milled Ti(Al) solid solution converts to TiAl3-dominant + minor gamma/alpha2 on heating to 850 C. Its 17.8 nm crystallite size is numerically close to Oehring 1993's Ti50Al50 value (17 nm, U01) - flagged as a notable convergence, NOT merged as a duplicate, since year/journal/rpm do not otherwise match."
U11,Ti-20 at.% Al,High-Energy (Type Unspecified),500 rpm,5-20 h (gamma-phase tracked continuously across this range),10:1,"Phase formation only: gamma-TiAl + alpha-Ti (categorical, no size given)",NaN,NaN,NaN,NaN,NaN,"gamma-TiAl phase persists across the whole 5-20h window at fixed 500 rpm/10:1 BPR. Notably low Al content (20 at.%) vs. most rows here (~45-50 at.%), useful for comparing how Al content shifts phase output at similar energy input."
U12,Ti-48Al-2Cr-2Nb,Attritor,270 rpm,12 h,20:1,NaN,NaN,NaN,NaN,NaN,NaN,"Reported 33.3 um is a POST-SPHEROIDIZATION POWDER PARTICLE d50 (d10=9.7, d90=67.7 um), not a grain/crystallite size - deliberately excluded from grain_size_nm to avoid conflating particle diameter with internal microstructural grain size."
U13a,Ti-44Al-2Cr-4Nb-0.2W-0.2B,Planetary,160,2 h,10:1,"Refined duplex (qualitative descriptor, no numeric grain size reported)","4.419 g/cm3 (also expressed as 99.2% relative density, at the 1300 C sintering condition)",4.419,527.14 HV (sample sintered at 1240 C),NaN,NaN,"One of the few rows reporting BOTH absolute (g/cm3) and relative (%TD) density for the same sample. rpm was the swept experimental variable here, so no single representative rpm is assigned to avoid implying one condition produced the reported density/hardness."
U13b,Ti-44Al-2Cr-4Nb-0.2W-0.2B,Planetary,300,2 h,10:1,"Refined duplex (qualitative descriptor, no numeric grain size reported)","4.419 g/cm3 (also expressed as 99.2% relative density, at the 1300 C sintering condition)",4.419,527.14 HV (sample sintered at 1240 C),NaN,NaN,"One of the few rows reporting BOTH absolute (g/cm3) and relative (%TD) density for the same sample. rpm was the swept experimental variable here, so no single representative rpm is assigned to avoid implying one condition produced the reported density/hardness."
U13c,Ti-44Al-2Cr-4Nb-0.2W-0.2B,Planetary,400,2 h,10:1,"Refined duplex (qualitative descriptor, no numeric grain size reported)","4.419 g/cm3 (also expressed as 99.2% relative density, at the 1300 C sintering condition)",4.419,527.14 HV (sample sintered at 1240 C),NaN,NaN,"One of the few rows reporting BOTH absolute (g/cm3) and relative (%TD) density for the same sample. rpm was the swept experimental variable here, so no single representative rpm is assigned to avoid implying one condition produced the reported density/hardness."
U14,Ti-48Al-2Cr-2Nb + cBN binder system,Dry,200 rpm,15 h,15:1,NaN,NaN,NaN,NaN,NaN,NaN,"Pre-milling step ahead of cBN composite sintering; XRD used to verify phase state before/after milling. Shares a DOI with U15 (P12) - same paper, dry-vs-wet milling comparison."
U15,Ti-48Al-2Cr-2Nb + cBN binder system,Wet,300 rpm,25 h,15:1,NaN,NaN,NaN,NaN,NaN,NaN,"Wet-milling counterpart to U14 (P11), run before high-pressure sintering. Higher rpm and much longer time (25h vs 15h) than the dry route - liquid media damps energy per collision, typically compensated with longer duration."
U16,Ti-48Al-2Cr-2Nb,Planetry,200-400 rpm (Optimal: 300 rpm),0.5 h,10:1,"~60 um particle (post-milling POWDER PARTICLE size, not a grain/crystallite size)",Full density (qualitative descriptor; not encoded as a number),NaN,NaN,NaN,NaN,"Short (30 min) surface-conditioning mill applied to already-spherical gas-atomized powder, not a from-scratch synthesis mill - purpose was roughening the particle surface for EB-PBF spreadability, not microstructure refinement."
U17,Ti-48Al,High-Energy (Type Unspecified),NaN,NaN,NaN,NaN,NaN,NaN,~12 GPa (nanoindentation),NaN,NaN,"Nanohardness ~2.4x the as-cast counterpart. Nanoindentation-derived GPa is not always numerically equivalent to bulk Vickers HV (indentation-size effects), so cross-comparison with HV-reported rows here should be read as approximate."
U18,Ti-48Al,High-Energy (Type Unspecified),250 rpm,3 h,8:1,"Duplex gamma+alpha2, ~15 um (POST-SINTERING grain size at 1450 C, not as-milled crystallite size)",96.4% relative density,96.4,340 HV,Tensile,352,Elongation of only 0.32% is extremely low even for a brittle intermetallic like TiAl - likely tied to the non-spherical HDH/SHS starting powder morphology rather than milling.